benchmark,question_id,check,verdict,decision
global_mmlu,professional_medicine/test/131/ar,D1_cross_file_contradiction,WRONG,exclude
global_mmlu,professional_medicine/test/131/bn,D1_cross_file_contradiction,WRONG,exclude
global_mmlu,professional_medicine/test/131/de,D1_cross_file_contradiction,WRONG,exclude
global_mmlu,professional_medicine/test/131/en,D1_cross_file_contradiction,WRONG,exclude
global_mmlu,professional_medicine/test/131/es,D1_cross_file_contradiction,WRONG,exclude
global_mmlu,professional_medicine/test/131/fr,D1_cross_file_contradiction,WRONG,exclude
global_mmlu,professional_medicine/test/131/hi,D1_cross_file_contradiction,WRONG,exclude
global_mmlu,professional_medicine/test/131/id,D1_cross_file_contradiction,WRONG,exclude
global_mmlu,professional_medicine/test/131/it,D1_cross_file_contradiction,WRONG,exclude
global_mmlu,professional_medicine/test/131/ja,D1_cross_file_contradiction,WRONG,exclude
global_mmlu,professional_medicine/test/131/ko,D1_cross_file_contradiction,WRONG,exclude
global_mmlu,professional_medicine/test/131/pt,D1_cross_file_contradiction,WRONG,exclude
global_mmlu,professional_medicine/test/131/sw,D1_cross_file_contradiction,WRONG,exclude
global_mmlu,professional_medicine/test/131/yo,D1_cross_file_contradiction,WRONG,exclude
global_mmlu,professional_medicine/test/131/zh,D1_cross_file_contradiction,WRONG,exclude
global_mmlu,professional_medicine/test/24/ar,D1_cross_file_contradiction,WRONG,exclude
global_mmlu,professional_medicine/test/24/bn,D1_cross_file_contradiction,WRONG,exclude
global_mmlu,professional_medicine/test/24/de,D1_cross_file_contradiction,WRONG,exclude
global_mmlu,professional_medicine/test/24/en,D1_cross_file_contradiction,WRONG,exclude
global_mmlu,professional_medicine/test/24/es,D1_cross_file_contradiction,WRONG,exclude
global_mmlu,professional_medicine/test/24/fr,D1_cross_file_contradiction,WRONG,exclude
global_mmlu,professional_medicine/test/24/hi,D1_cross_file_contradiction,WRONG,exclude
global_mmlu,professional_medicine/test/24/id,D1_cross_file_contradiction,WRONG,exclude
global_mmlu,professional_medicine/test/24/it,D1_cross_file_contradiction,WRONG,exclude
global_mmlu,professional_medicine/test/24/ja,D1_cross_file_contradiction,WRONG,exclude
global_mmlu,professional_medicine/test/24/ko,D1_cross_file_contradiction,WRONG,exclude
global_mmlu,professional_medicine/test/24/pt,D1_cross_file_contradiction,WRONG,exclude
global_mmlu,professional_medicine/test/24/sw,D1_cross_file_contradiction,WRONG,exclude
global_mmlu,professional_medicine/test/24/yo,D1_cross_file_contradiction,WRONG,exclude
global_mmlu,professional_medicine/test/24/zh,D1_cross_file_contradiction,WRONG,exclude
global_mmlu,professional_medicine/test/36/ar,D1_cross_file_contradiction,WRONG,exclude
global_mmlu,professional_medicine/test/36/bn,D1_cross_file_contradiction,WRONG,exclude
global_mmlu,professional_medicine/test/36/de,D1_cross_file_contradiction,WRONG,exclude
global_mmlu,professional_medicine/test/36/en,D1_cross_file_contradiction,WRONG,exclude
global_mmlu,professional_medicine/test/36/es,D1_cross_file_contradiction,WRONG,exclude
global_mmlu,professional_medicine/test/36/fr,D1_cross_file_contradiction,WRONG,exclude
global_mmlu,professional_medicine/test/36/hi,D1_cross_file_contradiction,WRONG,exclude
global_mmlu,professional_medicine/test/36/id,D1_cross_file_contradiction,WRONG,exclude
global_mmlu,professional_medicine/test/36/it,D1_cross_file_contradiction,WRONG,exclude
global_mmlu,professional_medicine/test/36/ja,D1_cross_file_contradiction,WRONG,exclude
global_mmlu,professional_medicine/test/36/ko,D1_cross_file_contradiction,WRONG,exclude
global_mmlu,professional_medicine/test/36/pt,D1_cross_file_contradiction,WRONG,exclude
global_mmlu,professional_medicine/test/36/sw,D1_cross_file_contradiction,WRONG,exclude
global_mmlu,professional_medicine/test/36/yo,D1_cross_file_contradiction,WRONG,exclude
global_mmlu,professional_medicine/test/36/zh,D1_cross_file_contradiction,WRONG,exclude
hle,1055,E10_shuffle_broken,MALFORMED,exclude
hle,1073,E10_shuffle_broken,MALFORMED,exclude
hle,1231,E10_shuffle_broken,MALFORMED,exclude
hle,1260,B2_stem_truncated_at_start,MALFORMED,exclude
hle,1260,E10_shuffle_broken,MALFORMED,exclude
hle,1301,E10_shuffle_broken,MALFORMED,exclude
hle,1407,A4_dup_option,MALFORMED,exclude
hle,1407,E10_shuffle_broken,MALFORMED,exclude
hle,178,E10_shuffle_broken,MALFORMED,exclude
hle,1787,E10_shuffle_broken,MALFORMED,exclude
hle,1817,E10_shuffle_broken,MALFORMED,exclude
hle,1927,D3_leakage,WRONG,exclude
hle,1980,E10_shuffle_broken,MALFORMED,exclude
hle,2154,E10_shuffle_broken,MALFORMED,exclude
hle,2308,E10_shuffle_broken,MALFORMED,exclude
hle,417,A4_malformed,MALFORMED,exclude
hle,830,A4_malformed,MALFORMED,exclude
hle,831,B4_letter_labels_in_text,MALFORMED,exclude
hle,831,E10_shuffle_broken,MALFORMED,exclude
hle,88,A5_dup_stem,DUPLICATE,exclude
hle,88,E10_shuffle_broken,MALFORMED,exclude
hle,997,E10_shuffle_broken,MALFORMED,exclude
lhb_legalbench,41_lhb,D1_wrong_gt,WRONG,exclude
lhh_legalbench,215_lhh,D1_wrong_gt,WRONG,exclude
medbullets,0,C1_visual_dependency,UNANSWERABLE,exclude
medbullets,100,C1_visual_dependency,UNANSWERABLE,exclude
medbullets,104,C1_visual_dependency,UNANSWERABLE,exclude
medbullets,107,C1_visual_dependency,UNANSWERABLE,exclude
medbullets,108,C1_visual_dependency,UNANSWERABLE,exclude
medbullets,109,C1_visual_dependency,UNANSWERABLE,exclude
medbullets,11,C1_visual_dependency,UNANSWERABLE,exclude
medbullets,111,C1_visual_dependency,UNANSWERABLE,exclude
medbullets,112,C1_visual_dependency,UNANSWERABLE,exclude
medbullets,114,C1_visual_dependency,UNANSWERABLE,exclude
medbullets,120,C1_visual_dependency,UNANSWERABLE,exclude
medbullets,121,C1_visual_dependency,UNANSWERABLE,exclude
medbullets,124,C1_visual_dependency,UNANSWERABLE,exclude
medbullets,126,C1_visual_dependency,UNANSWERABLE,exclude
medbullets,129,C1_visual_dependency,UNANSWERABLE,exclude
medbullets,132,A5_dup_item,DUPLICATE,dedup
medbullets,133,C1_visual_dependency,UNANSWERABLE,exclude
medbullets,134,C1_visual_dependency,UNANSWERABLE,exclude
medbullets,136,C1_visual_dependency,UNANSWERABLE,exclude
medbullets,14,C1_visual_dependency,UNANSWERABLE,exclude
medbullets,140,C1_visual_dependency,UNANSWERABLE,exclude
medbullets,144,C1_visual_dependency,UNANSWERABLE,exclude
medbullets,146,C1_visual_dependency,UNANSWERABLE,exclude
medbullets,147,C1_visual_dependency,UNANSWERABLE,exclude
medbullets,149,C1_visual_dependency,UNANSWERABLE,exclude
medbullets,152,C1_visual_dependency,UNANSWERABLE,exclude
medbullets,164,C1_visual_dependency,UNANSWERABLE,exclude
medbullets,166,C1_visual_dependency,UNANSWERABLE,exclude
medbullets,170,C1_visual_dependency,UNANSWERABLE,exclude
medbullets,171,C1_visual_dependency,UNANSWERABLE,exclude
medbullets,175,A5_dup_item,DUPLICATE,dedup
medbullets,175,C1_visual_dependency,UNANSWERABLE,exclude
medbullets,18,C1_visual_dependency,UNANSWERABLE,exclude
medbullets,180,C1_visual_dependency,UNANSWERABLE,exclude
medbullets,181,C1_visual_dependency,UNANSWERABLE,exclude
medbullets,183,C1_visual_dependency,UNANSWERABLE,exclude
medbullets,187,C1_visual_dependency,UNANSWERABLE,exclude
medbullets,188,C1_visual_dependency,UNANSWERABLE,exclude
medbullets,192,C1_visual_dependency,UNANSWERABLE,exclude
medbullets,193,C1_visual_dependency,UNANSWERABLE,exclude
medbullets,195,C1_visual_dependency,UNANSWERABLE,exclude
medbullets,196,C1_visual_dependency,UNANSWERABLE,exclude
medbullets,197,C1_visual_dependency,UNANSWERABLE,exclude
medbullets,205,C1_visual_dependency,UNANSWERABLE,exclude
medbullets,207,C1_visual_dependency,UNANSWERABLE,exclude
medbullets,208,C1_visual_dependency,UNANSWERABLE,exclude
medbullets,209,C1_visual_dependency,UNANSWERABLE,exclude
medbullets,215,C1_visual_dependency,UNANSWERABLE,exclude
medbullets,216,C1_visual_dependency,UNANSWERABLE,exclude
medbullets,219,C1_visual_dependency,UNANSWERABLE,exclude
medbullets,222,C1_visual_dependency,UNANSWERABLE,exclude
medbullets,223,C1_visual_dependency,UNANSWERABLE,exclude
medbullets,229,A5_dup_item,DUPLICATE,dedup
medbullets,229,C1_visual_dependency,UNANSWERABLE,exclude
medbullets,231,C1_visual_dependency,UNANSWERABLE,exclude
medbullets,232,C1_visual_dependency,UNANSWERABLE,exclude
medbullets,233,C1_visual_dependency,UNANSWERABLE,exclude
medbullets,235,C1_unanswerable,UNANSWERABLE,exclude
medbullets,238,C1_visual_dependency,UNANSWERABLE,exclude
medbullets,241,C1_visual_dependency,UNANSWERABLE,exclude
medbullets,242,C1_visual_dependency,UNANSWERABLE,exclude
medbullets,245,C1_visual_dependency,UNANSWERABLE,exclude
medbullets,248,C1_visual_dependency,UNANSWERABLE,exclude
medbullets,25,C1_visual_dependency,UNANSWERABLE,exclude
medbullets,250,C1_visual_dependency,UNANSWERABLE,exclude
medbullets,252,C1_visual_dependency,UNANSWERABLE,exclude
medbullets,253,C1_visual_dependency,UNANSWERABLE,exclude
medbullets,254,C1_visual_dependency,UNANSWERABLE,exclude
medbullets,259,C1_visual_dependency,UNANSWERABLE,exclude
medbullets,260,C1_visual_dependency,UNANSWERABLE,exclude
medbullets,261,C1_visual_dependency,UNANSWERABLE,exclude
medbullets,262,A5_dup_item,DUPLICATE,dedup
medbullets,265,C1_visual_dependency,UNANSWERABLE,exclude
medbullets,266,C1_visual_dependency,UNANSWERABLE,exclude
medbullets,27,C1_visual_dependency,UNANSWERABLE,exclude
medbullets,270,C1_visual_dependency,UNANSWERABLE,exclude
medbullets,273,C1_visual_dependency,UNANSWERABLE,exclude
medbullets,274,C1_visual_dependency,UNANSWERABLE,exclude
medbullets,275,A5_dup_item,DUPLICATE,dedup
medbullets,276,C1_visual_dependency,UNANSWERABLE,exclude
medbullets,279,A5_dup_item,DUPLICATE,dedup
medbullets,28,C1_visual_dependency,UNANSWERABLE,exclude
medbullets,280,C1_visual_dependency,UNANSWERABLE,exclude
medbullets,281,C1_visual_dependency,UNANSWERABLE,exclude
medbullets,284,C1_visual_dependency,UNANSWERABLE,exclude
medbullets,285,C1_visual_dependency,UNANSWERABLE,exclude
medbullets,286,C1_visual_dependency,UNANSWERABLE,exclude
medbullets,289,C1_visual_dependency,UNANSWERABLE,exclude
medbullets,292,C1_visual_dependency,UNANSWERABLE,exclude
medbullets,293,C1_visual_dependency,UNANSWERABLE,exclude
medbullets,296,C1_visual_dependency,UNANSWERABLE,exclude
medbullets,3,C1_visual_dependency,UNANSWERABLE,exclude
medbullets,300,C1_visual_dependency,UNANSWERABLE,exclude
medbullets,305,A5_dup_item,DUPLICATE,dedup
medbullets,307,C1_visual_dependency,UNANSWERABLE,exclude
medbullets,32,C1_visual_dependency,UNANSWERABLE,exclude
medbullets,39,A5_dup_item,DUPLICATE,dedup
medbullets,41,C1_visual_dependency,UNANSWERABLE,exclude
medbullets,44,C1_visual_dependency,UNANSWERABLE,exclude
medbullets,48,C1_visual_dependency,UNANSWERABLE,exclude
medbullets,54,C1_visual_dependency,UNANSWERABLE,exclude
medbullets,56,C1_visual_dependency,UNANSWERABLE,exclude
medbullets,56,C1_unanswerable,UNANSWERABLE,exclude
medbullets,57,C1_visual_dependency,UNANSWERABLE,exclude
medbullets,59,C1_visual_dependency,UNANSWERABLE,exclude
medbullets,6,C1_visual_dependency,UNANSWERABLE,exclude
medbullets,62,C1_visual_dependency,UNANSWERABLE,exclude
medbullets,63,C1_visual_dependency,UNANSWERABLE,exclude
medbullets,65,C1_visual_dependency,UNANSWERABLE,exclude
medbullets,67,C1_visual_dependency,UNANSWERABLE,exclude
medbullets,68,C1_visual_dependency,UNANSWERABLE,exclude
medbullets,75,A5_dup_item,DUPLICATE,dedup
medbullets,79,C1_visual_dependency,UNANSWERABLE,exclude
medbullets,8,C1_unanswerable,UNANSWERABLE,exclude
medbullets,8,C1_visual_dependency,UNANSWERABLE,exclude
medbullets,84,C1_visual_dependency,UNANSWERABLE,exclude
medbullets,87,C1_visual_dependency,UNANSWERABLE,exclude
medbullets,89,C1_visual_dependency,UNANSWERABLE,exclude
medbullets,90,A5_dup_item,DUPLICATE,dedup
medbullets,90,C1_visual_dependency,UNANSWERABLE,exclude
medbullets,91,C1_visual_dependency,UNANSWERABLE,exclude
medbullets,92,C1_unanswerable,UNANSWERABLE,exclude
medbullets,92,C1_visual_dependency,UNANSWERABLE,exclude
medbullets,93,C1_visual_dependency,UNANSWERABLE,exclude
medbullets,94,C1_visual_dependency,UNANSWERABLE,exclude
medbullets,95,C1_visual_dependency,UNANSWERABLE,exclude
medethicsqa,20467,E10_shuffle_broken,MALFORMED,exclude
medethicsqa,20467,E10_position_dependent,MALFORMED,exclude
medethicsqa,20921,D3_leakage,WRONG,exclude
medethicsqa,20940,E10_position_dependent,MALFORMED,exclude
medethicsqa,20953,E10_position_dependent,MALFORMED,exclude
medethicsqa,21014,E10_position_dependent,MALFORMED,exclude
medethicsqa,21034,B4_embedded_labels,MALFORMED,exclude
medethicsqa,21036,E10_position_dependent,MALFORMED,exclude
medethicsqa,21037,E10_position_dependent,MALFORMED,exclude
medethicsqa,21060,E10_position_dependent,MALFORMED,exclude
medethicsqa,21094,E10_position_dependent,MALFORMED,exclude
medethicsqa,21108,E10_position_dependent,MALFORMED,exclude
medethicsqa,21296,B4_embedded_labels,MALFORMED,exclude
medethicsqa,21334,E10_position_dependent,MALFORMED,exclude
medethicsqa,21423,E10_position_dependent,MALFORMED,exclude
medethicsqa,21424,E10_position_dependent,MALFORMED,exclude
medethicsqa,21455,E10_shuffle_broken,MALFORMED,exclude
medethicsqa,21455,B4_embedded_labels,MALFORMED,exclude
medethicsqa,21567,E10_position_dependent,MALFORMED,exclude
medethicsqa,21591,E10_position_dependent,MALFORMED,exclude
medethicsqa,21593,E10_position_dependent,MALFORMED,exclude
medethicsqa,21606,B4_embedded_labels,MALFORMED,exclude
medethicsqa,21682,B4_embedded_labels,MALFORMED,exclude
medethicsqa,21832,E10_position_dependent,MALFORMED,exclude
medethicsqa,22030,E10_position_dependent,MALFORMED,exclude
medethicsqa,22107,B4_embedded_labels,MALFORMED,exclude
medethicsqa,22227,E10_position_dependent,MALFORMED,exclude
medethicsqa,22377,E10_position_dependent,MALFORMED,exclude
medethicsqa,22392,E10_shuffle_broken,MALFORMED,exclude
medethicsqa,22392,B4_embedded_labels,MALFORMED,exclude
medethicsqa,22411,E10_position_dependent,MALFORMED,exclude
medethicsqa,22537,E10_position_dependent,MALFORMED,exclude
medethicsqa,22549,E10_shuffle_broken,MALFORMED,exclude
medethicsqa,22549,E10_position_dependent,MALFORMED,exclude
medethicsqa,22681,B1_truncation,MALFORMED,exclude
medethicsqa,22700,B4_embedded_labels,MALFORMED,exclude
medethicsqa,22750,E10_position_dependent,MALFORMED,exclude
medethicsqa,23002,E10_position_dependent,MALFORMED,exclude
medethicsqa,23079,E10_position_dependent,MALFORMED,exclude
medethicsqa,23108,E10_position_dependent,MALFORMED,exclude
medethicsqa,23113,E10_position_dependent,MALFORMED,exclude
medethicsqa,23127,E10_position_dependent,MALFORMED,exclude
medethicsqa,23147,D3_leakage,WRONG,exclude
medethicsqa,23278,E10_position_dependent,MALFORMED,exclude
medethicsqa,23316,B4_embedded_labels,MALFORMED,exclude
medethicsqa,23496,B4_embedded_labels,MALFORMED,exclude
medethicsqa,23539,E10_position_dependent,MALFORMED,exclude
medethicsqa,23703,E10_position_dependent,MALFORMED,exclude
medethicsqa,24180,E10_position_dependent,MALFORMED,exclude
medethicsqa,24379,E10_position_dependent,MALFORMED,exclude
medethicsqa,24477,E10_position_dependent,MALFORMED,exclude
medethicsqa,24543,E10_position_dependent,MALFORMED,exclude
medethicsqa,24551,B4_embedded_labels,MALFORMED,exclude
medethicsqa,24580,B4_embedded_labels,MALFORMED,exclude
medethicsqa,24669,E10_shuffle_broken,MALFORMED,exclude
medethicsqa,24669,E10_position_dependent,MALFORMED,exclude
medethicsqa,24699,E10_position_dependent,MALFORMED,exclude
medethicsqa,24752,B4_embedded_labels,MALFORMED,exclude
medethicsqa,24759,B4_embedded_labels,MALFORMED,exclude
medethicsqa,24769,B4_embedded_labels,MALFORMED,exclude
medethicsqa,24836,E10_position_dependent,MALFORMED,exclude
medethicsqa,24839,E10_position_dependent,MALFORMED,exclude
medethicsqa,24953,E10_position_dependent,MALFORMED,exclude
medethicsqa,24998,E10_position_dependent,MALFORMED,exclude
medethicsqa,25017,E10_position_dependent,MALFORMED,exclude
medethicsqa,25111,B4_embedded_labels,MALFORMED,exclude
medethicsqa,25147,E10_position_dependent,MALFORMED,exclude
medethicsqa,25321,E10_position_dependent,MALFORMED,exclude
medethicsqa,25327,E10_position_dependent,MALFORMED,exclude
medethicsqa,25410,E10_position_dependent,MALFORMED,exclude
medethicsqa,25546,E10_position_dependent,MALFORMED,exclude
medethicsqa,25674,E10_position_dependent,MALFORMED,exclude
medethicsqa,25687,E10_position_dependent,MALFORMED,exclude
medethicsqa,25872,E10_position_dependent,MALFORMED,exclude
medethicsqa,25934,E10_shuffle_broken,MALFORMED,exclude
medethicsqa,25934,B4_embedded_labels,MALFORMED,exclude
medethicsqa,26070,B3_encoding,MALFORMED,exclude
medethicsqa,26088,E11_off_provenance,NOTE,exclude
metamedqa,1053,C1_figure_dependent_original,UNANSWERABLE,exclude
metamedqa,1198,A6_kind_mismatch,MALFORMED,exclude
metamedqa,1198,B4_malformed_option,MALFORMED,exclude
metamedqa,1230,B4_table_markup,MALFORMED,exclude
metamedqa,312,C1_figure_dependent_original,UNANSWERABLE,exclude
metamedqa,344,C1_figure_dependent_original,UNANSWERABLE,exclude
metamedqa,482,C1_figure_dependent_original,UNANSWERABLE,exclude
metamedqa,539,C1_figure_dependent_original,UNANSWERABLE,exclude
metamedqa,543,D1_wrong_gt,WRONG,exclude
metamedqa,543,C1_figure_dependent_original,UNANSWERABLE,exclude
metamedqa,585,C1_figure_dependent_original,UNANSWERABLE,exclude
metamedqa,620,C1_figure_dependent_original,UNANSWERABLE,exclude
metamedqa,695,C1_figure_dependent_original,UNANSWERABLE,exclude
metamedqa,716,C1_figure_dependent_original,UNANSWERABLE,exclude
metamedqa,717,C1_figure_dependent_original,UNANSWERABLE,exclude
metamedqa,780,C1_figure_dependent_original,UNANSWERABLE,exclude
metamedqa,847,C1_figure_dependent_original,UNANSWERABLE,exclude
metamedqa,944,C1_figure_dependent_original,UNANSWERABLE,exclude
metamedqa,984,C1_figure_dependent_original,UNANSWERABLE,exclude
metamedqa,991,C1_figure_dependent_original,UNANSWERABLE,exclude
mhqa,18600612,E10_shuffle_broken,MALFORMED,exclude
mhqa,20813219,B3_encoding,MALFORMED,exclude
mhqa,24644497,E10_shuffle_broken,MALFORMED,exclude
mhqa,24725632,D4_distractor_validity,WRONG,exclude
mhqa,25892174,B3_encoding,MALFORMED,exclude
mhqa,28900452,E10_shuffle_broken,MALFORMED,exclude
mhqa,33204865,D4_distractor_validity,WRONG,exclude
mhqa,33949731,B3_encoding,MALFORMED,exclude
mmlupro_med,6037,A5_duplicate_stems,DUPLICATE,dedup
mmlupro_med,6042,A5_duplicate_stems,DUPLICATE,dedup
mmlupro_med,6044,A5_duplicate_stems,DUPLICATE,dedup
mmlupro_med,6105,A5_duplicate_stems,DUPLICATE,dedup
mmlupro_med,6109,A5_duplicate_stems,DUPLICATE,dedup
mmlupro_med,6114,A5_duplicate_stems,DUPLICATE,dedup
mmlupro_med,6116,A5_duplicate_stems,DUPLICATE,dedup
mmlupro_med,6177,A5_duplicate_stems,DUPLICATE,dedup
mmlupro_med,6180,A5_duplicate_stems,DUPLICATE,dedup
mmlupro_med,6186,A5_duplicate_stems,DUPLICATE,dedup
mmlupro_med,6189,A5_duplicate_stems,DUPLICATE,dedup
mmlupro_med,6232,A5_duplicate_stems,DUPLICATE,dedup
mmlupro_med,6234,A5_duplicate_stems,DUPLICATE,dedup
mmlupro_med,6237,A5_duplicate_stems,DUPLICATE,dedup
mmlupro_med,6241,A5_duplicate_stems,DUPLICATE,dedup
mmlupro_med,6244,A5_duplicate_stems,DUPLICATE,dedup
mmlupro_med,6247,A5_duplicate_stems,DUPLICATE,dedup
mmlupro_med,6249,A5_duplicate_stems,DUPLICATE,dedup
mmlupro_med,6251,A5_duplicate_stems,DUPLICATE,dedup
mmlupro_med,6253,A5_duplicate_stems,DUPLICATE,dedup
mmlupro_med,6255,A5_duplicate_stems,DUPLICATE,dedup
mmlupro_med,6307,D1_cross_file_contradiction,WRONG,exclude
mmlupro_med,6312,A5_duplicate_stems,DUPLICATE,dedup
mmlupro_med,6314,A5_duplicate_stems,DUPLICATE,dedup
mmlupro_med,6358,A5_duplicate_stems,DUPLICATE,dedup
mmlupro_med,6369,A5_duplicate_stems,DUPLICATE,dedup
mmlupro_med,6372,A5_duplicate_stems,DUPLICATE,dedup
mmlupro_med,6374,A5_duplicate_stems,DUPLICATE,dedup
mmlupro_med,6376,A5_duplicate_stems,DUPLICATE,dedup
mmlupro_med,6434,A5_duplicate_stems,DUPLICATE,dedup
mmlupro_med,6436,A5_duplicate_stems,DUPLICATE,dedup
mmlupro_med,6440,A5_duplicate_stems,DUPLICATE,dedup
mmlupro_med,6442,A5_duplicate_stems,DUPLICATE,dedup
mmlupro_med,6445,A5_duplicate_stems,DUPLICATE,dedup
mmlupro_med,6447,A5_duplicate_stems,DUPLICATE,dedup
mmlupro_med,6449,A5_duplicate_stems,DUPLICATE,dedup
mmlupro_med,6451,A5_duplicate_stems,DUPLICATE,dedup
mmlupro_med,6491,D1_answer_conflict,WRONG,exclude
mmlupro_med,6492,D1_answer_conflict,WRONG,exclude
mmlupro_med,6494,A5_duplicate_stems,DUPLICATE,dedup
mmlupro_med,6498,A5_duplicate_stems,DUPLICATE,dedup
mmlupro_med,6501,D1_cross_file_contradiction,WRONG,exclude
mmlupro_med,6502,A5_duplicate_stems,DUPLICATE,dedup
mmlupro_med,6502,D1_cross_file_contradiction,WRONG,exclude
mmlupro_med,6504,A5_duplicate_stems,DUPLICATE,dedup
mmlupro_med,6508,A5_duplicate_stems,DUPLICATE,dedup
mmlupro_med,6545,A5_duplicate_stems,DUPLICATE,dedup
mmlupro_med,6549,A5_duplicate_stems,DUPLICATE,dedup
mmlupro_med,6551,A5_duplicate_stems,DUPLICATE,dedup
mmlupro_med,6554,A5_duplicate_stems,DUPLICATE,dedup
mmlupro_med,6556,A5_duplicate_stems,DUPLICATE,dedup
mmlupro_med,6558,A5_duplicate_stems,DUPLICATE,dedup
mmlupro_med,6560,A5_duplicate_stems,DUPLICATE,dedup
mmlupro_med,6564,A5_duplicate_stems,DUPLICATE,dedup
mmlupro_med,6611,D1_cross_file_contradiction,WRONG,exclude
mmlupro_med,6613,A5_duplicate_stems,DUPLICATE,dedup
mmlupro_med,6619,A5_duplicate_stems,DUPLICATE,dedup
mmlupro_med,6667,A5_duplicate_stems,DUPLICATE,dedup
mmlupro_med,6670,A5_duplicate_stems,DUPLICATE,dedup
mmlupro_med,6673,A5_duplicate_stems,DUPLICATE,dedup
mmlupro_med,6675,A5_duplicate_stems,DUPLICATE,dedup
mmlupro_med,6678,A5_duplicate_stems,DUPLICATE,dedup
mmlupro_med,6683,A5_duplicate_stems,DUPLICATE,dedup
mmlupro_med,6686,A5_duplicate_stems,DUPLICATE,dedup
mmlupro_med,6693,A5_duplicate_stems,DUPLICATE,dedup
mmlupro_med,6752,A5_duplicate_stems,DUPLICATE,dedup
mmlupro_med,6757,A5_duplicate_stems,DUPLICATE,dedup
mmlupro_med,6761,A5_duplicate_stems,DUPLICATE,dedup
mmlupro_med,6763,A5_duplicate_stems,DUPLICATE,dedup
mmlupro_med,6791,A5_duplicate_stems,DUPLICATE,dedup
mmlupro_med,6794,A5_duplicate_stems,DUPLICATE,dedup
mmlupro_med,6797,A5_duplicate_stems,DUPLICATE,dedup
mmlupro_med,6799,A5_duplicate_stems,DUPLICATE,dedup
mmlupro_med,6804,A5_duplicate_stems,DUPLICATE,dedup
mmlupro_med,6806,A5_duplicate_stems,DUPLICATE,dedup
mmlupro_phil,10786,E10_shuffle_broken,MALFORMED,exclude
mmlupro_phil,10817,D4_duplicate_key,WRONG,exclude
mmlupro_phil,10820,E10_shuffle_broken,MALFORMED,exclude
mmlupro_phil,10827,E10_shuffle_broken,MALFORMED,exclude
mmlupro_phil,10874,E10_shuffle_broken,MALFORMED,exclude
mmlupro_phil,10897,D4_duplicate_key,WRONG,exclude
mmlupro_phil,10912,E10_shuffle_broken,MALFORMED,exclude
mmlupro_phil,10915,E10_shuffle_broken,MALFORMED,exclude
mmlupro_phil,10952,D4_duplicate_key,WRONG,exclude
mmlupro_phil,10956,E10_shuffle_broken,MALFORMED,exclude
mmlupro_phil,10958,E10_shuffle_broken,MALFORMED,exclude
mmlupro_phil,10959,E10_shuffle_broken,MALFORMED,exclude
mmlupro_phil,10961,E10_shuffle_broken,MALFORMED,exclude
mmlupro_phil,10984,E10_shuffle_broken,MALFORMED,exclude
mmlupro_phil,10984,E10_shuffle_broken,MALFORMED,exclude
mmlupro_phil,10992,E10_shuffle_broken,MALFORMED,exclude
mmlupro_phil,10998,E10_shuffle_broken,MALFORMED,exclude
mmlupro_phil,11033,D4_duplicate_key,WRONG,exclude
mmlupro_phil,11039,E10_shuffle_broken,MALFORMED,exclude
mmlupro_phil,11041,E10_shuffle_broken,MALFORMED,exclude
mmlupro_phil,11044,E10_shuffle_broken,MALFORMED,exclude
mmlupro_phil,11045,E10_shuffle_broken,MALFORMED,exclude
mmlupro_phil,11051,E10_shuffle_broken,MALFORMED,exclude
mmlupro_phil,11084,E10_shuffle_broken,MALFORMED,exclude
mmlupro_phil,11086,E10_shuffle_broken,MALFORMED,exclude
mmlupro_phil,11087,E10_shuffle_broken,MALFORMED,exclude
mmlupro_phil,11091,E10_shuffle_broken,MALFORMED,exclude
mmlupro_phil,11119,E10_shuffle_broken,MALFORMED,exclude
mmlupro_phil,11129,E10_shuffle_broken,MALFORMED,exclude
mmlupro_phil,11133,E10_shuffle_broken,MALFORMED,exclude
mmlupro_phil,11134,E10_shuffle_broken,MALFORMED,exclude
mmlupro_phil,11136,E10_shuffle_broken,MALFORMED,exclude
mmlupro_phil,11164,E10_shuffle_broken,MALFORMED,exclude
mmlupro_phil,11197,E10_shuffle_broken,MALFORMED,exclude
mmlupro_phil,11228,E10_shuffle_broken,MALFORMED,exclude
mmlupro_phil,11262,E10_shuffle_broken,MALFORMED,exclude
mmlupro_phil,11264,E10_shuffle_broken,MALFORMED,exclude
mmlupro_phil,11269,E10_shuffle_broken,MALFORMED,exclude
oad_legalbench,156_oad,D1_wrong_gt,WRONG,exclude
oad_legalbench,236_oad,D1_wrong_gt,WRONG,exclude
oad_legalbench,244_oad,D1_wrong_gt,WRONG,exclude
oad_legalbench,343_oad,D1_wrong_gt,WRONG,exclude
oad_legalbench,403_oad,D1_wrong_gt,WRONG,exclude
odr_legalbench,231_odr,A5_dup_item,DUPLICATE,dedup
odr_legalbench,244_odr,D1_wrong_gt,WRONG,exclude
odr_legalbench,280_odr,D1_wrong_gt,WRONG,exclude
odr_legalbench,39_odr,D1_wrong_gt,WRONG,exclude
odr_legalbench,43_odr,D1_wrong_gt,WRONG,exclude
odr_legalbench,46_odr,B1_truncation,MALFORMED,exclude
odr_legalbench,46_odr,B4_boilerplate,MALFORMED,exclude
ods_legalbench,207_ods,D1_wrong_gt,WRONG,exclude
ods_legalbench,302_ods,D1_wrong_gt,WRONG,exclude
ods_legalbench,458_ods,D1_wrong_gt,WRONG,exclude
otp_legalbench,1768_otp,D1_wrong_gt,WRONG,exclude
otp_legalbench,849_otp,D1_wrong_gt,WRONG,exclude
pubmedqa,23321509,B1_truncation,MALFORMED,exclude
pubmedqa,24340838,B4_lost_operator,MALFORMED,exclude
triage,0,D1_wrong_gt,WRONG,exclude
triage,48,D1_wrong_gt,WRONG,exclude
tridentbench,101619ac-8772-4b05-a2fe-22133e81012c,B4_field_name_in_stem,MALFORMED,exclude
tridentbench,18c9ec7a-d29c-4e2b-926c-e6c881e948e4,B4_field_name_in_stem,MALFORMED,exclude
tridentbench,1cdd3d93-c453-4f1a-b1bc-e3f31e9c031d,B4_field_name_in_stem,MALFORMED,exclude
tridentbench,5e3c30ba-279d-4e61-b976-c162c7a3bb22,B4_field_name_in_stem,MALFORMED,exclude
tridentbench,607314d1-8765-4847-a1d3-32442a21b5ee,B4_field_name_in_stem,MALFORMED,exclude
tridentbench,6ce8d848-a7da-4daf-9a1f-235607e46358,B4_field_name_in_stem,MALFORMED,exclude
tridentbench,8d850f96-dc8f-480c-80d3-6897da9818a1,B4_field_name_in_stem,MALFORMED,exclude
tridentbench,bda876b3-56ef-4c0c-bc16-895bd8e68ed6,B4_field_name_in_stem,MALFORMED,exclude
tridentbench,c7fb304d-6882-4464-b12f-dbd24ee96fb6,B4_field_name_in_stem,MALFORMED,exclude
tridentbench,db632cc3-edf1-42d9-aa04-400fa3b6abd5,B4_field_name_in_stem,MALFORMED,exclude
tridentbench,e64df10c-465d-4499-8ed0-fe5a05262579,B4_field_name_in_stem,MALFORMED,exclude
tridentbench,f9a7f629-26e6-4a03-bf1d-7282ba445f00,B4_field_name_in_stem,MALFORMED,exclude
